Operations-time,Size
0.714876,2050
0.716898,2050
0.716536,2050
0.715248,2050
0.716775,2050
2.643854,4098
2.640470,4098
2.641608,4098
2.642425,4098
2.656018,4098
